user_id,name,location,signup_date
U0001,Keith Brooks,Baileyshire,2024-10-21
U0002,Gregory Franklin,Port Vicki,2023-07-13
U0003,Jeffrey Chambers,Jamestown,2024-03-06
U0004,Ryan Mcbride,Nicolechester,2023-12-18
U0005,Kathryn Hawkins,Port Cynthia,2023-10-25
U0006,Monica Scott,New David,2023-09-19
U0007,April Herrera,Port Williamside,2024-04-19
U0008,John Anderson,West Phillip,2024-07-21
U0009,Amanda Davis,Port Debrachester,2025-04-18
U0010,Jasmine Ponce,Garzaside,2025-01-26
U0011,Brendan Hammond,Harrisside,2024-01-28
U0012,William Rice,New Jean,2023-09-26
U0013,Kevin Robinson,South Kathyfurt,2025-05-28
U0014,Kyle Poole,Hallton,2024-11-15
U0015,Alexis Robinson,Hoffmanton,2024-11-14
U0016,Ann Moore,West Jackshire,2024-01-03
U0017,Jennifer Morris,Port Samantha,2024-10-30
U0018,Charles Anderson,East William,2024-01-11
U0019,Christopher Nichols,Lake Laura,2023-11-13
U0020,Crystal Rodriguez,Morganmouth,2024-12-31
U0021,Heather Davis,Ryantown,2024-01-30
U0022,Keith Hicks,North Courtneyburgh,2023-07-28
U0023,Harold Fox,Calebton,2024-06-11
U0024,Sandra Perkins,South Jesseport,2024-05-21
U0025,Robert Miller,New Justin,2023-06-26
U0026,Crystal Shepard,Gregoryfort,2024-09-20
U0027,Nicole Acosta,Port Heatherborough,2024-03-07
U0028,Mr. Logan Huerta Jr.,Terriport,2024-03-28
U0029,Andrew Bennett,Lake Amyberg,2023-09-27
U0030,Logan Phillips,East Kimton,2024-09-06
U0031,Randall Smith,Port Jamie,2023-09-10
U0032,Keith Holland,Rachelton,2025-03-01
U0033,Carrie Boone,South Zachary,2023-11-11
U0034,Cassandra Anderson,West Ericshire,2023-06-13
U0035,Michael Wagner,Patrickfurt,2024-12-08
U0036,Virginia Powell,Lake Angelaview,2023-06-20
U0037,Deanna Ramirez,Davidmouth,2024-01-23
U0038,Jermaine Williams,Jenniferside,2024-12-13
U0039,Antonio Whitehead,Walkerchester,2024-03-05
U0040,Timothy Bond,East Charlesmouth,2024-10-02
U0041,Gregory Ramirez,East Tiffany,2025-04-27
U0042,Kevin Klein,Lisafurt,2024-07-11
U0043,Joshua Ramirez,East Joseph,2023-08-10
U0044,Dr. James Williams,South Haley,2024-07-03
U0045,Kathleen Bennett,Lesterton,2023-06-18
U0046,Heather Knapp,Sarahside,2024-01-28
U0047,Nicole Smith,New Richard,2023-12-16
U0048,Dana Cervantes,New Jonathonberg,2023-09-14
U0049,Heather Silva,East Kendra,2023-06-26
U0050,Matthew Gonzalez,Port Cheryltown,2023-12-24
U0051,David Sullivan,Maddenborough,2025-04-05
U0052,Mary King,Evansview,2023-07-07
U0053,Mark Soto,Lisachester,2023-09-18
U0054,Edward Castaneda,Lake David,2024-11-18
U0055,Stephanie Rose,Port Jacqueline,2025-04-16
U0056,Patrick Lowe,Mayoville,2025-03-11
U0057,Samantha Lambert,West Anthony,2024-02-15
U0058,Jacqueline Chung,Port Christyland,2024-07-18
U0059,Michael Santana,Port Wendy,2023-08-07
U0060,Michael Carr,Pattersonberg,2024-09-25
U0061,William Robinson,Davidville,2025-02-23
U0062,Stephanie Norman,Evansfort,2023-06-24
U0063,Tara Morales,Ayalaborough,2023-06-26
U0064,Cynthia Woodward PhD,Tateberg,2024-01-25
U0065,Stephanie Barnes,Angelamouth,2025-03-22
U0066,Jacob Boyle,Samanthaside,2024-06-11
U0067,Christopher Black,Emilymouth,2024-03-29
U0068,Terry Fuentes,Virginiahaven,2023-08-07
U0069,Michael Weiss PhD,Donaldport,2024-04-09
U0070,Richard Hill,Boyermouth,2025-01-29
U0071,Rhonda Kane,South Jennifer,2024-11-22
U0072,Deborah Smith,Rhodesberg,2024-10-25
U0073,Richard Davis,Bakerchester,2024-06-24
U0074,Jeffrey Fox,South Markstad,2025-01-11
U0075,Nathan Taylor,Cooperborough,2024-12-19
U0076,Robert Smith,Lake Danielletown,2024-05-12
U0077,Robert House,West Rachel,2024-10-19
U0078,Anthony Roberts,North Michaelview,2023-11-25
U0079,Jasmine Miranda,Kimberlyport,2024-07-03
U0080,Jason Velez,Jacobsside,2023-07-28
U0081,Daniel Rivera,Alexanderchester,2024-08-22
U0082,Charles Francis,New Kathleenborough,2025-01-14
U0083,William Ellis,Hansonport,2024-11-09
U0084,Meghan Barnes,North Josephmouth,2023-08-27
U0085,Jacqueline Higgins,East Gavin,2024-04-25
U0086,Judy Elliott,Lake Travis,2024-03-04
U0087,Renee Cain,New Nicholas,2024-07-27
U0088,Debbie Fowler,Port Keith,2025-02-11
U0089,Eric Frank,New Cynthia,2024-03-02
U0090,Michael Klein,Leeside,2025-04-30
U0091,Tiffany Montgomery,East Nicholasborough,2023-06-21
U0092,Brittany Carrillo,Port Steven,2024-05-13
U0093,John Lopez,Kaylatown,2023-10-15
U0094,Michael Watson,East Jacobberg,2024-05-02
U0095,Joshua Patterson,Willieberg,2023-08-29
U0096,Tammy Taylor,Nelsonton,2023-12-17
U0097,Samantha Bailey,Chaneyview,2023-08-07
U0098,Lindsey Wells,Phillipsport,2024-12-20
U0099,Justin Dominguez,East William,2024-05-09
U0100,Evan Sanders,Jonesland,2024-08-09
U0101,Kevin Martin,Perezborough,2024-06-26
U0102,Julie Brown,Michaelton,2025-01-17
U0103,Caitlyn Baldwin,West Kelly,2024-10-28
U0104,Keith Cummings,West Christophermouth,2024-02-19
U0105,Paul Ramsey,Marquezshire,2023-09-07
U0106,Scott King,Garrettmouth,2024-07-23
U0107,Ricky Munoz,Lake Albert,2023-09-07
U0108,Dylan Jackson MD,Wrightview,2024-04-23
U0109,Eric Mason,Claytonfort,2024-02-14
U0110,Marcus Ruiz,West Leemouth,2024-10-18
U0111,John Garrett,Hammondview,2024-12-16
U0112,Jake Schmitt,Heatherland,2023-10-18
U0113,Jeremiah Burke,Amyborough,2023-11-25
U0114,Brandon Mejia,Katiebury,2023-11-03
U0115,Carlos Bryant,East Josephville,2023-07-08
U0116,Olivia Green,Henrychester,2025-04-12
U0117,Rachel Edwards,Sarahborough,2024-11-22
U0118,Pamela Hernandez,Lake Kyleside,2023-09-19
U0119,Michelle Aguilar,Luisville,2024-11-05
U0120,Anthony Valencia,Sabrinachester,2024-05-13
U0121,Sydney Martin,Howardton,2023-07-22
U0122,Jennifer Hill,West Eric,2025-06-07
U0123,Samantha Esparza,New Lancechester,2024-03-15
U0124,Jordan Warren,Cindyborough,2023-11-08
U0125,Mr. Jeffrey Spencer,New James,2023-10-12
U0126,Laura Young,Charlesberg,2025-01-28
U0127,Elizabeth Nelson,North Patricialand,2024-12-03
U0128,Bethany Miller,New Andreaberg,2024-01-16
U0129,Daniel Douglas,East Douglas,2023-09-20
U0130,Kristin Norris,Josehaven,2024-07-25
U0131,Matthew Franco,Lake Cindy,2023-09-27
U0132,Amanda Riley,Port James,2025-05-10
U0133,Robert Morton,South Francisco,2024-09-27
U0134,Jessica Little,South Kim,2024-01-08
U0135,Amanda Hernandez,Danielleland,2025-03-12
U0136,Timothy Williams,Port Danielletown,2025-02-18
U0137,Matthew Lawson,South Lisaville,2024-10-10
U0138,John Walter,East Luis,2025-03-04
U0139,Mark Bradley,Nathanland,2024-01-21
U0140,Mark Cunningham,Lake Andrewberg,2023-09-24
U0141,Melanie Patterson,North Hannah,2024-01-13
U0142,Benjamin Hudson,Port Christieside,2025-04-11
U0143,Douglas Jones,Lake Anthony,2023-12-24
U0144,Nancy Russo,Harperfort,2025-01-23
U0145,Jacob Rose,Lake Ronald,2023-09-02
U0146,Gary Freeman,Johnhaven,2023-09-07
U0147,Kayla Alvarez,Mendozaberg,2023-10-04
U0148,Daniel Weaver,New Ronnietown,2024-08-06
U0149,Patricia Hickman,West Christinachester,2024-08-10
U0150,Jeffrey Cook,Haasbury,2023-08-30
U0151,Sarah Phillips,New Douglashaven,2023-10-12
U0152,Taylor Lambert,Sarahburgh,2025-04-20
U0153,Curtis Gonzalez,Boltontown,2024-09-27
U0154,Rhonda Hayes,West Juan,2023-08-27
U0155,Gregory Hogan,Perezbury,2024-03-16
U0156,Jason Miller,North Morganhaven,2025-05-25
U0157,Mark Odonnell,East Tiffanyside,2023-12-25
U0158,Brooke Brown,Faulknerborough,2025-06-03
U0159,Andrea Maxwell MD,Matthewville,2025-03-27
U0160,Darryl Baldwin,East Rebecca,2023-07-23
U0161,Robert King,Lake Ginatown,2025-04-08
U0162,Samantha Martin,Lake Amy,2024-01-29
U0163,Jessica Evans,Anitaton,2025-05-18
U0164,Cameron Curry,Lake Hannah,2024-07-29
U0165,Robert Palmer,Martinhaven,2024-11-24
U0166,John Williams,Kristinfort,2023-08-16
U0167,Janice Rasmussen,East Whitney,2023-08-28
U0168,Andrew Kennedy,Thompsonbury,2023-08-24
U0169,Tiffany Ritter,Tylertown,2023-07-02
U0170,Donald Ryan,South Sarahshire,2024-11-29
U0171,Karen Moore,South Katelyntown,2023-11-22
U0172,Amber Barrera,Markborough,2023-11-21
U0173,Courtney Wright,East Cheryltown,2024-09-03
U0174,Nicholas Moore,Port Frank,2024-08-17
U0175,Katelyn Morris,Stevenfurt,2024-04-01
U0176,Samuel Gutierrez,Micheleshire,2024-02-14
U0177,Heather Dean,Adamsview,2024-08-22
U0178,Kirsten Montgomery,Loweborough,2023-10-07
U0179,Mark Estrada,Amandaberg,2025-03-18
U0180,Julia Garner,North Justinview,2024-08-11
U0181,Joann Barnett,Wardborough,2024-03-01
U0182,Deborah Newman,East Sheryl,2023-06-16
U0183,Jennifer Leonard,Robertsberg,2023-10-30
U0184,Christopher Anderson,East Donaldhaven,2024-04-13
U0185,Scott Wilson,North Wendyside,2024-03-27
U0186,Laurie Taylor,East Victorton,2025-05-19
U0187,Lindsay Medina,South Rachelview,2023-12-13
U0188,Susan Huang,Michaelville,2024-07-02
U0189,Shannon Young,Maryfort,2024-11-29
U0190,Brittney Jones,Davidberg,2024-09-25
U0191,Christina Wallace,Bowersbury,2024-11-10
U0192,Christine Newman,Chaseberg,2023-09-07
U0193,Angelica Miller,North Margaretfort,2025-04-10
U0194,Michele Faulkner MD,New Amandaville,2025-05-26
U0195,Kimberly Howard,South Lauramouth,2023-10-05
U0196,Jennifer Gonzalez DDS,East Stephanietown,2023-12-01
U0197,Alex Salazar,North Lisaton,2023-07-13
U0198,Julie Warner,New David,2025-04-11
U0199,Marilyn Sosa,Lake Chadborough,2023-08-04
U0200,Christine Nixon,North Deborahchester,2023-10-24
